{"Exportation de données personnelles pour userabo1@example.com":{"about":{"group_label":"\u00c0 propos","group_description":"Vue globale du rapport sur les exportations.","items":{"about-1":[{"name":"Rapport g\u00e9n\u00e9r\u00e9 pour","value":"userabo1@example.com"},{"name":"Pour le site","value":"CFI"},{"name":"\u00c0 l\u2019URL","value":"http:\/\/centredeformationinformatique.fr"},{"name":"Le","value":"2022-04-28 12:18:45"}]}},"user":{"group_label":"Compte","group_description":"Donn\u00e9es de profil du compte.","items":{"user-2":[{"name":"ID du compte","value":"2"},{"name":"Nom de connexion du compte","value":"userabo1"},{"name":"Nom du compte format\u00e9 sous forme de slug","value":"userabo1"},{"name":"E-mail du compte","value":"userabo1@example.com"},{"name":"Date d\u2019inscription du compte","value":"2021-11-13 15:17:38"},{"name":"Nom affich\u00e9 du compte","value":"Abonn\u00e9 Un"},{"name":"Pseudonyme du compte","value":"userabo1"},{"name":"Pr\u00e9nom associ\u00e9 au compte","value":"Abonn\u00e9"},{"name":"Nom associ\u00e9 au compte","value":"Un"}]}}}}